-- phpMyAdmin SQL Dump
-- version 5.0.2
-- https://www.phpmyadmin.net/
--
-- Host: 127.0.0.1
-- Generation Time: Jun 11, 2021 at 02:09 PM
-- Server version: 10.4.11-MariaDB
-- PHP Version: 7.4.6

SET SQL_MODE = "NO_AUTO_VALUE_ON_ZERO";
START TRANSACTION;
SET time_zone = "+00:00";


/*!40101 SET @OLD_CHARACTER_SET_CLIENT=@@CHARACTER_SET_CLIENT */;
/*!40101 SET @OLD_CHARACTER_SET_RESULTS=@@CHARACTER_SET_RESULTS */;
/*!40101 SET @OLD_COLLATION_CONNECTION=@@COLLATION_CONNECTION */;
/*!40101 SET NAMES utf8mb4 */;

--
-- Database: `askme_query`
--

-- --------------------------------------------------------

--
-- Table structure for table `answer`
--

CREATE TABLE `answer` (
  `answer_id` int(5) NOT NULL,
  `user_id` int(5) NOT NULL,
  `question_id` int(5) NOT NULL,
  `body` varchar(140) NOT NULL,
  `timestamp` datetime NOT NULL DEFAULT current_timestamp()
) ENGINE=InnoDB DEFAULT CHARSET=utf8mb4;

--
-- Dumping data for table `answer`
--

INSERT INTO `answer` (`answer_id`, `user_id`, `question_id`, `body`, `timestamp`) VALUES
(1, 52, 31, 'Lorem ipsum dolor sit amet,', '2021-06-04 18:28:08'),
(2, 37, 21, 'Lorem ipsum dolor sit amet, consectetuer adipiscing elit. Curabitur sed tortor. Integer aliquam adipiscing', '2021-06-07 23:15:44'),
(3, 89, 78, 'Lorem ipsum dolor sit amet, consectetuer adipiscing elit. Curabitur sed tortor. Integer aliquam adipiscing lacus.', '2021-06-05 09:52:58'),
(4, 46, 83, 'Lorem ipsum', '2021-06-04 16:02:18'),
(5, 84, 25, 'Lorem ipsum dolor', '2021-06-01 13:33:05'),
(6, 91, 42, 'Lorem ipsum', '2021-06-01 20:21:43'),
(7, 52, 62, 'Lorem ipsum dolor sit amet, consectetuer adipiscing elit. Curabitur sed', '2021-06-03 16:31:28'),
(8, 62, 91, 'Lorem ipsum dolor sit amet, consectetuer adipiscing elit. Curabitur', '2021-06-04 14:27:38'),
(9, 70, 87, 'Lorem ipsum', '2021-06-06 13:57:50'),
(10, 46, 28, 'Lorem ipsum dolor sit amet, consectetuer adipiscing elit. Curabitur', '2021-06-05 02:15:30'),
(11, 63, 26, 'Lorem ipsum dolor sit amet, consectetuer adipiscing elit. Curabitur sed tortor. Integer aliquam adipiscing lacus.', '2021-06-04 08:23:29'),
(12, 71, 4, 'Lorem ipsum dolor sit amet, consectetuer', '2021-06-01 17:51:56'),
(13, 43, 78, 'Lorem ipsum dolor sit amet, consectetuer adipiscing elit. Curabitur sed tortor. Integer', '2021-06-02 12:45:58'),
(14, 82, 12, 'Lorem ipsum dolor sit amet, consectetuer adipiscing elit. Curabitur', '2021-06-06 16:05:20'),
(15, 88, 83, 'Lorem ipsum', '2021-06-05 10:35:59'),
(16, 88, 56, 'Lorem ipsum dolor sit amet, consectetuer adipiscing elit. Curabitur sed tortor.', '2021-06-03 08:58:11'),
(17, 100, 48, 'Lorem ipsum dolor sit amet, consectetuer adipiscing elit. Curabitur sed tortor. Integer aliquam adipiscing', '2021-06-02 12:12:11'),
(18, 72, 36, 'Lorem ipsum dolor sit amet, consectetuer adipiscing elit.', '2021-06-04 05:06:36'),
(19, 36, 84, 'Lorem ipsum dolor sit amet, consectetuer adipiscing elit. Curabitur sed', '2021-06-01 17:31:43'),
(20, 51, 75, 'Lorem ipsum dolor sit amet, consectetuer adipiscing elit. Curabitur sed tortor. Integer aliquam adipiscing', '2021-06-05 22:00:16'),
(21, 84, 43, 'Lorem', '2021-06-01 03:14:34'),
(22, 38, 87, 'Lorem', '2021-06-04 00:43:09'),
(23, 34, 74, 'Lorem ipsum dolor sit amet, consectetuer adipiscing elit. Curabitur sed tortor.', '2021-06-03 00:58:17'),
(24, 89, 36, 'Lorem ipsum dolor', '2021-06-06 07:37:30'),
(25, 44, 44, 'Lorem ipsum dolor sit amet, consectetuer adipiscing elit.', '2021-06-03 12:11:45'),
(26, 83, 66, 'Lorem ipsum dolor sit amet, consectetuer adipiscing elit. Curabitur sed tortor.', '2021-06-02 07:18:16'),
(27, 87, 35, 'Lorem ipsum', '2021-06-05 09:35:38'),
(28, 80, 62, 'Lorem ipsum dolor sit amet, consectetuer adipiscing elit. Curabitur sed tortor.', '2021-06-02 23:10:46'),
(29, 42, 20, 'Lorem ipsum dolor sit amet,', '2021-06-07 03:57:01'),
(30, 97, 12, 'Lorem ipsum dolor sit amet, consectetuer adipiscing', '2021-06-04 18:57:18'),
(31, 59, 74, 'Lorem', '2021-06-05 05:37:27'),
(32, 83, 67, 'Lorem ipsum dolor sit amet, consectetuer adipiscing', '2021-06-02 06:44:09'),
(33, 65, 31, 'Lorem', '2021-06-02 06:42:08'),
(34, 86, 17, 'Lorem ipsum dolor sit amet, consectetuer adipiscing elit. Curabitur sed tortor. Integer aliquam', '2021-06-06 05:24:44'),
(35, 34, 1, 'Lorem ipsum dolor sit amet, consectetuer', '2021-06-04 00:09:08'),
(36, 88, 73, 'Lorem ipsum dolor sit amet,', '2021-06-05 02:48:48'),
(37, 75, 33, 'Lorem ipsum dolor sit amet, consectetuer adipiscing elit. Curabitur', '2021-06-06 10:02:43'),
(38, 75, 88, 'Lorem ipsum dolor sit amet, consectetuer adipiscing elit. Curabitur sed tortor. Integer aliquam adipiscing', '2021-06-05 02:38:36'),
(39, 54, 51, 'Lorem ipsum', '2021-06-06 06:41:07'),
(40, 37, 78, 'Lorem ipsum dolor sit amet, consectetuer adipiscing elit. Curabitur', '2021-06-07 13:21:46'),
(41, 86, 43, 'Lorem ipsum dolor sit amet, consectetuer', '2021-06-03 03:09:16'),
(42, 81, 19, 'Lorem ipsum dolor sit amet, consectetuer', '2021-06-05 22:10:46'),
(43, 34, 35, 'Lorem ipsum dolor sit amet,', '2021-06-03 11:15:57'),
(44, 48, 37, 'Lorem ipsum', '2021-06-02 03:34:19'),
(45, 49, 27, 'Lorem ipsum dolor', '2021-06-04 05:50:13'),
(46, 64, 15, 'Lorem ipsum dolor sit amet, consectetuer adipiscing elit. Curabitur sed tortor. Integer aliquam', '2021-06-05 10:59:06'),
(47, 48, 42, 'Lorem ipsum dolor', '2021-06-02 13:31:37'),
(48, 73, 39, 'Lorem ipsum dolor sit amet, consectetuer adipiscing elit. Curabitur sed tortor. Integer aliquam adipiscing', '2021-06-03 00:15:32'),
(49, 78, 5, 'Lorem ipsum dolor sit amet, consectetuer', '2021-06-03 16:59:20'),
(50, 65, 90, 'Lorem ipsum dolor sit', '2021-06-03 23:37:22'),
(51, 71, 77, 'Lorem ipsum dolor sit amet, consectetuer adipiscing elit. Curabitur sed tortor.', '2021-06-03 23:37:08'),
(52, 53, 23, 'Lorem ipsum dolor sit amet,', '2021-06-05 02:17:01'),
(53, 52, 54, 'Lorem ipsum dolor sit', '2021-06-07 01:41:10'),
(54, 47, 36, 'Lorem ipsum dolor sit amet, consectetuer', '2021-06-05 03:06:51'),
(55, 93, 9, 'Lorem ipsum dolor sit amet, consectetuer adipiscing elit. Curabitur', '2021-06-04 18:07:54'),
(56, 87, 8, 'Lorem', '2021-06-05 07:44:18'),
(57, 53, 71, 'Lorem ipsum dolor sit amet, consectetuer adipiscing elit. Curabitur sed', '2021-06-06 02:07:20'),
(58, 45, 13, 'Lorem ipsum dolor sit amet, consectetuer adipiscing elit. Curabitur sed tortor.', '2021-06-01 11:12:22'),
(59, 75, 79, 'Lorem ipsum dolor sit amet, consectetuer', '2021-06-07 22:18:07'),
(60, 67, 44, 'Lorem ipsum dolor sit amet, consectetuer adipiscing elit. Curabitur sed tortor. Integer', '2021-06-05 18:22:45'),
(61, 63, 85, 'Lorem ipsum dolor', '2021-06-07 06:10:12'),
(62, 63, 53, 'Lorem ipsum dolor sit amet, consectetuer adipiscing', '2021-06-02 10:53:10'),
(63, 94, 85, 'Lorem', '2021-06-03 09:32:12'),
(64, 46, 75, 'Lorem ipsum dolor sit amet, consectetuer adipiscing elit. Curabitur sed tortor. Integer aliquam adipiscing lacus.', '2021-06-02 17:59:51'),
(65, 49, 61, 'Lorem ipsum dolor sit amet,', '2021-06-03 15:12:48'),
(66, 78, 43, 'Lorem ipsum dolor sit amet, consectetuer adipiscing elit. Curabitur', '2021-06-02 03:10:24'),
(67, 69, 9, 'Lorem ipsum dolor sit amet, consectetuer', '2021-06-03 04:55:54'),
(68, 64, 54, 'Lorem ipsum dolor sit amet, consectetuer', '2021-06-05 20:19:12'),
(69, 98, 45, 'Lorem ipsum dolor sit amet, consectetuer adipiscing elit. Curabitur sed tortor.', '2021-06-05 04:39:31'),
(70, 85, 10, 'Lorem ipsum dolor sit amet,', '2021-06-02 10:15:18'),
(71, 59, 61, 'Lorem ipsum dolor sit amet, consectetuer adipiscing elit. Curabitur sed tortor. Integer aliquam', '2021-06-06 16:15:38'),
(72, 89, 2, 'Lorem ipsum dolor sit amet, consectetuer adipiscing elit. Curabitur sed tortor.', '2021-06-05 10:19:49'),
(73, 73, 40, 'Lorem ipsum dolor sit amet, consectetuer adipiscing elit. Curabitur sed tortor.', '2021-06-06 10:09:28'),
(74, 79, 97, 'Lorem ipsum', '2021-06-03 18:07:09'),
(75, 46, 23, 'Lorem', '2021-06-04 03:45:32'),
(76, 58, 83, 'Lorem ipsum dolor sit amet, consectetuer adipiscing elit.', '2021-06-03 04:05:53'),
(77, 72, 36, 'Lorem ipsum dolor sit amet,', '2021-06-01 09:34:17'),
(78, 75, 49, 'Lorem ipsum dolor sit amet, consectetuer adipiscing elit. Curabitur sed tortor. Integer aliquam adipiscing lacus.', '2021-06-06 12:00:26'),
(79, 65, 32, 'Lorem ipsum', '2021-06-01 21:17:20'),
(80, 31, 46, 'Lorem ipsum dolor sit amet, consectetuer adipiscing elit. Curabitur sed tortor. Integer aliquam adipiscing', '2021-06-02 21:39:55'),
(81, 31, 25, 'Lorem ipsum dolor sit amet, consectetuer adipiscing elit. Curabitur sed tortor.', '2021-06-07 06:01:54'),
(82, 44, 60, 'Lorem', '2021-06-03 22:59:57'),
(83, 70, 36, 'Lorem ipsum', '2021-06-03 20:05:56'),
(84, 72, 33, 'Lorem ipsum dolor sit amet, consectetuer adipiscing elit. Curabitur sed tortor. Integer aliquam adipiscing', '2021-06-01 20:20:15'),
(85, 73, 67, 'Lorem ipsum dolor sit', '2021-06-05 09:39:21'),
(86, 48, 70, 'Lorem ipsum dolor sit amet, consectetuer adipiscing elit. Curabitur sed', '2021-06-04 14:14:27'),
(87, 94, 20, 'Lorem', '2021-06-02 02:51:51'),
(88, 59, 73, 'Lorem', '2021-06-07 11:56:35'),
(89, 94, 77, 'Lorem ipsum dolor sit amet, consectetuer', '2021-06-03 14:12:00'),
(90, 100, 55, 'Lorem ipsum dolor sit amet, consectetuer adipiscing elit.', '2021-06-03 22:12:18'),
(91, 80, 33, 'Lorem ipsum dolor sit amet, consectetuer adipiscing elit. Curabitur', '2021-06-03 04:42:53'),
(92, 76, 50, 'Lorem ipsum dolor sit amet, consectetuer adipiscing', '2021-06-05 07:59:17'),
(93, 47, 38, 'Lorem ipsum dolor sit amet, consectetuer adipiscing elit. Curabitur sed', '2021-06-01 11:29:17'),
(94, 86, 57, 'Lorem ipsum dolor sit amet, consectetuer adipiscing elit. Curabitur sed tortor. Integer aliquam adipiscing', '2021-06-07 20:42:06'),
(95, 33, 1, 'Lorem', '2021-06-01 11:22:12'),
(96, 72, 30, 'Lorem ipsum dolor', '2021-06-01 07:09:46'),
(97, 42, 56, 'Lorem ipsum dolor sit amet, consectetuer adipiscing', '2021-06-05 22:29:36'),
(98, 60, 77, 'Lorem ipsum dolor', '2021-06-02 06:54:37'),
(99, 71, 94, 'Lorem ipsum dolor sit amet, consectetuer adipiscing elit. Curabitur', '2021-06-01 01:40:56'),
(100, 62, 52, 'Lorem ipsum dolor sit amet, consectetuer adipiscing elit.', '2021-06-02 22:07:55'),
(101, 61, 79, 'Pellentesque habitant morbi tristique senectus et netus et', '2021-06-01 16:19:48'),
(102, 85, 48, 'Duis volutpat nunc sit', '2021-06-05 05:41:20'),
(103, 50, 90, 'imperdiet ornare. In faucibus.', '2021-06-01 19:39:57'),
(104, 49, 83, 'mus. Proin vel arcu eu', '2021-06-02 07:38:58'),
(105, 79, 1, 'Quisque nonummy ipsum non arcu. Vivamus', '2021-06-07 16:16:33'),
(106, 98, 89, 'non, hendrerit id, ante. Nunc mauris sapien, cursus', '2021-06-01 01:05:03'),
(107, 100, 59, 'ultricies sem magna nec quam. Curabitur vel lectus. Cum', '2021-06-05 08:09:26'),
(108, 47, 41, 'et malesuada fames ac turpis egestas. Fusce aliquet', '2021-06-05 10:05:48'),
(109, 37, 81, 'tincidunt pede ac urna. Ut tincidunt vehicula risus.', '2021-06-04 08:27:03'),
(110, 76, 70, 'rutrum lorem ac risus. Morbi metus. Vivamus euismod urna.', '2021-06-07 18:39:26'),
(111, 58, 63, 'neque. Morbi quis urna. Nunc quis arcu vel quam', '2021-06-05 17:43:52'),
(112, 65, 85, 'consectetuer, cursus et, magna. Praesent interdum ligula', '2021-06-05 09:51:32'),
(113, 63, 36, 'magna. Sed eu eros. Nam consequat dolor', '2021-06-03 08:47:04'),
(114, 58, 98, 'pede. Suspendisse dui. Fusce diam', '2021-06-06 04:58:33'),
(115, 99, 8, 'molestie sodales. Mauris blandit enim consequat purus. Maecenas libero est,', '2021-06-02 04:00:24'),
(116, 69, 82, 'nec urna et arcu imperdiet', '2021-06-05 21:39:43'),
(117, 43, 30, 'auctor, nunc nulla vulputate dui, nec tempus mauris erat eget', '2021-06-06 01:26:41'),
(118, 41, 20, 'ac turpis egestas. Fusce aliquet magna a neque. Nullam ut', '2021-06-06 01:16:21'),
(119, 41, 59, 'urna. Ut tincidunt vehicula risus. Nulla eget', '2021-06-04 01:12:59'),
(120, 73, 77, 'sit amet, consectetuer adipiscing elit.', '2021-06-03 03:56:54'),
(121, 84, 14, 'diam vel arcu. Curabitur', '2021-06-07 13:42:25'),
(122, 74, 38, 'Mauris molestie pharetra nibh. Aliquam ornare, libero at', '2021-06-02 12:19:27'),
(123, 39, 60, 'arcu iaculis enim,', '2021-06-05 23:35:41'),
(124, 56, 71, 'felis, adipiscing fringilla, porttitor vulputate, posuere vulputate,', '2021-06-04 20:47:00'),
(125, 69, 29, 'Ut sagittis lobortis mauris. Suspendisse aliquet', '2021-06-06 10:57:03'),
(126, 98, 81, 'elit. Curabitur sed tortor.', '2021-06-03 12:30:44'),
(127, 97, 76, 'egestas rhoncus. Proin nisl', '2021-06-07 23:08:30'),
(128, 48, 33, 'Aliquam tincidunt, nunc ac mattis', '2021-06-03 06:53:48'),
(129, 68, 97, 'nulla. Integer urna.', '2021-06-07 06:12:23'),
(130, 95, 47, 'magnis dis parturient montes, nascetur ridiculus mus. Proin', '2021-06-01 09:53:46'),
(131, 82, 29, 'eros. Nam consequat dolor', '2021-06-03 20:03:50'),
(132, 63, 36, 'ipsum. Donec sollicitudin adipiscing', '2021-06-02 08:24:38'),
(133, 80, 11, 'Sed nunc est, mollis non, cursus non, egestas a, dui.', '2021-06-01 23:39:17'),
(134, 83, 47, 'imperdiet ullamcorper. Duis at', '2021-06-07 23:28:06'),
(135, 38, 33, 'sem molestie sodales. Mauris', '2021-06-05 10:26:55'),
(136, 31, 39, 'lacus. Cras interdum. Nunc sollicitudin commodo', '2021-06-06 06:33:07'),
(137, 93, 72, 'a purus. Duis elementum,', '2021-06-04 11:01:37'),
(138, 46, 100, 'Curabitur consequat, lectus sit amet luctus vulputate,', '2021-06-02 09:56:53'),
(139, 74, 17, 'Suspendisse commodo tincidunt nibh. Phasellus', '2021-06-04 12:41:57'),
(140, 50, 10, 'Cras eu tellus eu augue porttitor interdum. Sed auctor odio', '2021-06-01 07:08:05'),
(141, 41, 41, 'tortor, dictum eu, placerat', '2021-06-01 23:23:58'),
(142, 46, 62, 'primis in faucibus orci luctus', '2021-06-05 21:27:40'),
(143, 98, 19, 'eu dolor egestas', '2021-06-07 20:03:54'),
(144, 98, 24, 'mattis. Cras eget nisi dictum augue malesuada malesuada. Integer id', '2021-06-02 04:46:24'),
(145, 63, 66, 'pharetra nibh. Aliquam ornare,', '2021-06-07 20:50:17'),
(146, 56, 100, 'enim diam vel', '2021-06-01 14:17:21'),
(147, 42, 36, 'arcu. Sed et libero. Proin mi.', '2021-06-05 00:01:07'),
(148, 50, 16, 'a felis ullamcorper viverra. Maecenas iaculis aliquet', '2021-06-04 08:25:43'),
(149, 94, 85, 'libero. Proin mi. Aliquam gravida mauris ut mi. Duis risus', '2021-06-04 17:36:58'),
(150, 79, 40, 'enim, sit amet', '2021-06-01 05:53:37'),
(151, 33, 54, 'ornare, elit elit fermentum risus, at', '2021-06-05 14:43:12'),
(152, 70, 76, 'dolor. Donec fringilla.', '2021-06-03 05:40:49'),
(153, 31, 65, 'Quisque tincidunt pede ac', '2021-06-02 04:04:24'),
(154, 57, 98, 'sed, facilisis vitae, orci. Phasellus dapibus quam', '2021-06-07 18:19:43'),
(155, 44, 96, 'euismod enim. Etiam gravida molestie', '2021-06-06 06:36:01'),
(156, 63, 59, 'eu arcu. Morbi sit amet', '2021-06-06 10:16:53'),
(157, 54, 59, 'volutpat ornare, facilisis eget, ipsum.', '2021-06-07 23:30:11'),
(158, 73, 53, 'ultrices. Duis volutpat nunc sit amet metus. Aliquam', '2021-06-05 11:57:57'),
(159, 62, 46, 'consectetuer mauris id sapien. Cras dolor dolor, tempus non,', '2021-06-02 07:08:24'),
(160, 39, 34, 'mus. Proin vel nisl.', '2021-06-03 17:04:39'),
(161, 58, 15, 'Praesent interdum ligula eu enim. Etiam imperdiet dictum magna.', '2021-06-01 14:58:28'),
(162, 75, 28, 'gravida. Aliquam tincidunt, nunc ac mattis ornare,', '2021-06-02 21:54:57'),
(163, 33, 6, 'dapibus rutrum, justo. Praesent luctus. Curabitur egestas nunc sed', '2021-06-06 12:27:22'),
(164, 39, 95, 'non leo. Vivamus nibh dolor, nonummy ac, feugiat', '2021-06-05 03:02:54'),
(165, 71, 8, 'Duis volutpat nunc sit amet metus.', '2021-06-04 04:45:01'),
(166, 47, 29, 'at, libero. Morbi accumsan laoreet ipsum. Curabitur consequat, lectus', '2021-06-04 11:54:01'),
(167, 51, 54, 'luctus vulputate, nisi sem semper erat, in consectetuer ipsum nunc', '2021-06-01 10:47:23'),
(168, 33, 5, 'Nunc mauris. Morbi non sapien molestie orci', '2021-06-02 17:10:18'),
(169, 78, 51, 'dolor. Nulla semper tellus id nunc interdum feugiat.', '2021-06-04 01:01:37'),
(170, 93, 35, 'tincidunt pede ac urna.', '2021-06-03 20:52:55'),
(171, 62, 80, 'tortor nibh sit amet orci. Ut sagittis', '2021-06-04 21:10:53'),
(172, 84, 56, 'elit. Curabitur sed tortor. Integer aliquam adipiscing', '2021-06-01 06:54:13'),
(173, 70, 76, 'tincidunt orci quis', '2021-06-02 23:11:11'),
(174, 89, 3, 'cursus luctus, ipsum', '2021-06-06 14:08:03'),
(175, 45, 33, 'luctus lobortis. Class aptent taciti sociosqu ad litora torquent', '2021-06-03 23:16:38'),
(176, 66, 20, 'Curabitur massa. Vestibulum accumsan neque et nunc.', '2021-06-04 18:59:11'),
(177, 43, 36, 'orci lacus vestibulum lorem, sit amet ultricies sem magna', '2021-06-05 09:26:22'),
(178, 96, 50, 'semper erat, in consectetuer ipsum nunc id enim. Curabitur massa.', '2021-06-01 02:55:11'),
(179, 87, 47, 'Phasellus elit pede, malesuada vel, venenatis vel,', '2021-06-03 18:37:54'),
(180, 39, 19, 'blandit enim consequat', '2021-06-06 06:01:27'),
(181, 56, 10, 'sapien. Nunc pulvinar arcu et pede.', '2021-06-02 18:29:06'),
(182, 79, 98, 'Donec fringilla. Donec feugiat metus sit amet ante. Vivamus non', '2021-06-01 12:10:09'),
(183, 70, 38, 'diam. Sed diam lorem,', '2021-06-03 22:09:41'),
(184, 94, 88, 'varius. Nam porttitor', '2021-06-07 14:02:13'),
(185, 42, 42, 'sociis natoque penatibus et magnis dis parturient montes, nascetur ridiculus', '2021-06-02 02:44:04'),
(186, 50, 92, 'semper tellus id nunc', '2021-06-06 01:17:35'),
(187, 93, 29, 'metus. Aenean sed pede nec ante blandit viverra.', '2021-06-02 05:43:11'),
(188, 56, 2, 'Lorem ipsum dolor sit amet, consectetuer adipiscing elit. Etiam laoreet,', '2021-06-02 01:33:40'),
(189, 52, 81, 'sociis natoque penatibus', '2021-06-06 05:27:13'),
(190, 75, 71, 'lacus. Quisque purus sapien, gravida non,', '2021-06-02 19:50:41'),
(191, 42, 6, 'varius. Nam porttitor scelerisque neque. Nullam nisl. Maecenas malesuada', '2021-06-06 08:16:45'),
(192, 33, 59, 'enim, condimentum eget,', '2021-06-05 04:32:26'),
(193, 73, 100, 'Quisque porttitor eros nec tellus. Nunc lectus pede, ultrices a,', '2021-06-03 17:00:58'),
(194, 60, 75, 'scelerisque, lorem ipsum sodales purus, in', '2021-06-07 22:43:30'),
(195, 94, 1, 'pulvinar arcu et pede. Nunc sed orci lobortis augue', '2021-06-05 15:16:09'),
(196, 74, 75, 'Cras sed leo.', '2021-06-05 17:41:05'),
(197, 73, 76, 'metus sit amet', '2021-06-02 19:35:06'),
(198, 53, 58, 'lectus rutrum urna, nec luctus felis purus ac tellus.', '2021-06-03 12:46:05'),
(199, 93, 55, 'egestas. Duis ac arcu. Nunc', '2021-06-01 06:51:53'),
(200, 58, 54, 'vitae dolor. Donec fringilla. Donec feugiat', '2021-06-03 10:01:14'),
(201, 98, 43, 'turpis egestas. Fusce aliquet magna', '2021-06-07 07:59:14'),
(202, 43, 92, 'primis in faucibus orci luctus et ultrices posuere', '2021-06-05 06:19:28'),
(203, 66, 99, 'aliquam arcu. Aliquam ultrices iaculis odio. Nam interdum enim non', '2021-06-07 17:59:21'),
(204, 45, 67, 'posuere, enim nisl elementum', '2021-06-07 15:15:04'),
(205, 64, 66, 'Nam ligula elit, pretium', '2021-06-03 13:23:15'),
(206, 61, 55, 'convallis convallis dolor. Quisque tincidunt pede ac urna. Ut', '2021-06-05 09:30:49'),
(207, 57, 37, 'sem ut dolor dapibus', '2021-06-04 04:59:55'),
(208, 99, 40, 'imperdiet non, vestibulum nec, euismod in,', '2021-06-02 16:42:02'),
(209, 99, 85, 'Sed eu nibh vulputate mauris sagittis placerat. Cras', '2021-06-03 11:18:08'),
(210, 31, 62, 'ipsum. Donec sollicitudin adipiscing ligula. Aenean gravida nunc sed', '2021-06-07 08:54:36'),
(211, 94, 46, 'pede. Nunc sed orci lobortis augue', '2021-06-05 19:00:04'),
(212, 74, 88, 'ut dolor dapibus gravida. Aliquam tincidunt,', '2021-06-04 10:34:47'),
(213, 74, 84, 'nec tellus. Nunc lectus pede, ultrices a,', '2021-06-05 15:52:57'),
(214, 48, 31, 'vitae, orci. Phasellus dapibus quam quis diam. Pellentesque', '2021-06-05 00:17:27'),
(215, 74, 19, 'vitae nibh. Donec est mauris, rhoncus id, mollis', '2021-06-07 03:26:25'),
(216, 84, 20, 'semper. Nam tempor diam dictum sapien. Aenean massa.', '2021-06-04 22:22:00'),
(217, 54, 98, 'Donec consectetuer mauris id sapien. Cras dolor dolor,', '2021-06-07 23:13:59'),
(218, 31, 77, 'et netus et malesuada fames ac turpis egestas.', '2021-06-07 06:12:21'),
(219, 59, 66, 'Nulla tincidunt, neque', '2021-06-05 03:15:22'),
(220, 90, 16, 'risus. Quisque libero lacus, varius et, euismod', '2021-06-05 08:20:36'),
(221, 98, 90, 'ultricies ligula. Nullam enim. Sed nulla ante, iaculis nec, eleifend', '2021-06-06 22:52:20'),
(222, 94, 43, 'Sed diam lorem, auctor quis, tristique ac, eleifend vitae, erat.', '2021-06-02 10:38:21'),
(223, 93, 4, 'Aliquam nisl. Nulla eu neque pellentesque massa lobortis ultrices.', '2021-06-01 02:15:08'),
(224, 64, 12, 'et, commodo at,', '2021-06-01 03:46:33'),
(225, 41, 37, 'rutrum. Fusce dolor', '2021-06-07 06:40:11'),
(226, 49, 98, 'Morbi neque tellus, imperdiet non, vestibulum nec, euismod in,', '2021-06-06 03:34:32'),
(227, 50, 52, 'urna, nec luctus felis purus', '2021-06-03 22:00:20'),
(228, 35, 56, 'lorem vitae odio sagittis', '2021-06-05 12:46:27'),
(229, 43, 52, 'habitant morbi tristique senectus et netus et malesuada', '2021-06-01 21:37:47'),
(230, 32, 71, 'volutpat ornare, facilisis eget, ipsum.', '2021-06-04 09:25:32'),
(231, 44, 19, 'ornare, facilisis eget, ipsum. Donec sollicitudin adipiscing', '2021-06-04 09:07:20'),
(232, 71, 36, 'odio semper cursus. Integer mollis. Integer tincidunt aliquam arcu. Aliquam', '2021-06-03 06:30:12'),
(233, 45, 19, 'pellentesque, tellus sem mollis dui, in sodales elit erat vitae', '2021-06-06 04:18:05'),
(234, 58, 100, 'elit, pellentesque a, facilisis non,', '2021-06-03 15:39:37'),
(235, 89, 51, 'In nec orci. Donec nibh. Quisque', '2021-06-07 22:15:49'),
(236, 74, 93, 'risus. Nulla eget metus eu erat semper rutrum. Fusce dolor', '2021-06-02 08:08:11'),
(237, 93, 2, 'Aliquam rutrum lorem ac risus. Morbi metus. Vivamus', '2021-06-03 09:16:09'),
(238, 92, 35, 'vehicula. Pellentesque tincidunt tempus risus. Donec egestas. Duis ac', '2021-06-06 04:04:40'),
(239, 83, 7, 'eu, eleifend nec, malesuada ut, sem.', '2021-06-06 21:00:16'),
(240, 34, 57, 'tempus scelerisque, lorem ipsum sodales purus, in', '2021-06-06 17:35:43'),
(241, 78, 77, 'Aliquam vulputate ullamcorper magna. Sed', '2021-06-07 00:33:19'),
(242, 86, 29, 'sem ut cursus luctus, ipsum leo elementum sem,', '2021-06-04 15:21:32'),
(243, 48, 29, 'interdum. Nunc sollicitudin commodo ipsum. Suspendisse non leo. Vivamus nibh', '2021-06-02 19:15:42'),
(244, 34, 55, 'tempor bibendum. Donec felis orci, adipiscing non, luctus sit', '2021-06-02 12:28:21'),
(245, 56, 56, 'ipsum. Curabitur consequat, lectus sit amet luctus vulputate, nisi', '2021-06-02 11:53:34'),
(246, 48, 59, 'nisl arcu iaculis enim, sit amet ornare lectus', '2021-06-04 01:27:09'),
(247, 31, 92, 'Donec est. Nunc ullamcorper, velit in aliquet lobortis, nisi nibh', '2021-06-03 22:05:27'),
(248, 46, 17, 'Proin mi. Aliquam gravida', '2021-06-03 05:44:13'),
(249, 71, 79, 'sed libero. Proin sed turpis nec mauris blandit mattis. Cras', '2021-06-05 14:27:11'),
(250, 96, 69, 'lacus. Ut nec urna et arcu imperdiet ullamcorper. Duis', '2021-06-02 16:35:39'),
(251, 92, 66, 'eget lacus. Mauris non', '2021-06-04 11:37:00'),
(252, 97, 36, 'leo. Morbi neque tellus,', '2021-06-06 14:42:05'),
(253, 62, 21, 'arcu. Sed et libero. Proin mi. Aliquam gravida', '2021-06-05 11:59:27'),
(254, 68, 12, 'laoreet lectus quis massa. Mauris vestibulum, neque sed', '2021-06-05 04:05:47'),
(255, 71, 38, 'Duis ac arcu. Nunc mauris. Morbi non sapien molestie', '2021-06-06 19:53:37'),
(256, 34, 58, 'odio a purus. Duis elementum, dui', '2021-06-06 06:27:40'),
(257, 50, 56, 'nulla at sem molestie sodales.', '2021-06-06 17:22:45'),
(258, 48, 16, 'est. Nunc ullamcorper,', '2021-06-07 19:50:02'),
(259, 56, 49, 'gravida. Aliquam tincidunt, nunc ac mattis ornare,', '2021-06-07 21:18:20'),
(260, 97, 12, 'lectus. Nullam suscipit, est ac facilisis facilisis, magna tellus', '2021-06-03 14:29:15'),
(261, 69, 44, 'laoreet lectus quis massa. Mauris vestibulum, neque', '2021-06-01 02:36:33'),
(262, 56, 24, 'hendrerit neque. In ornare', '2021-06-04 00:07:43'),
(263, 94, 47, 'elementum, lorem ut', '2021-06-03 04:59:34'),
(264, 75, 89, 'eu dui. Cum sociis natoque penatibus et', '2021-06-06 01:35:02'),
(265, 97, 60, 'Morbi sit amet massa. Quisque porttitor eros', '2021-06-07 20:37:38'),
(266, 77, 88, 'ligula. Aenean gravida nunc', '2021-06-02 03:24:09'),
(267, 45, 78, 'eget varius ultrices, mauris ipsum porta elit, a', '2021-06-07 07:34:00'),
(268, 98, 53, 'eleifend non, dapibus rutrum, justo. Praesent luctus. Curabitur egestas nunc', '2021-06-03 01:46:30'),
(269, 62, 34, 'dignissim tempor arcu. Vestibulum ut', '2021-06-01 10:30:38'),
(270, 83, 94, 'dictum ultricies ligula. Nullam enim.', '2021-06-05 00:14:00'),
(271, 82, 46, 'cubilia Curae; Phasellus ornare. Fusce mollis. Duis', '2021-06-06 02:45:21'),
(272, 38, 92, 'dui quis accumsan convallis,', '2021-06-06 06:59:34'),
(273, 56, 68, 'dolor egestas rhoncus. Proin nisl sem, consequat nec, mollis vitae,', '2021-06-01 14:08:13'),
(274, 87, 64, 'id, libero. Donec consectetuer', '2021-06-03 13:13:17'),
(275, 52, 43, 'neque venenatis lacus. Etiam bibendum fermentum metus. Aenean sed', '2021-06-03 20:48:18'),
(276, 55, 27, 'Maecenas ornare egestas ligula. Nullam feugiat placerat velit.', '2021-06-02 03:36:08'),
(277, 91, 51, 'sem, vitae aliquam eros turpis non enim. Mauris quis', '2021-06-05 19:28:16'),
(278, 90, 68, 'purus gravida sagittis.', '2021-06-02 21:52:36'),
(279, 76, 74, 'risus. Donec egestas. Aliquam nec enim. Nunc ut erat. Sed', '2021-06-05 04:22:10'),
(280, 50, 59, 'Nulla semper tellus id nunc interdum', '2021-06-04 06:38:23'),
(281, 41, 29, 'justo eu arcu. Morbi sit', '2021-06-02 09:19:27'),
(282, 58, 86, 'arcu. Aliquam ultrices iaculis odio. Nam interdum enim', '2021-06-07 12:35:30'),
(283, 42, 18, 'dictum magna. Ut tincidunt orci quis lectus.', '2021-06-02 00:01:39'),
(284, 74, 11, 'est arcu ac orci. Ut semper pretium neque. Morbi quis', '2021-06-06 06:39:07'),
(285, 68, 64, 'vel lectus. Cum sociis natoque penatibus et', '2021-06-05 14:57:10'),
(286, 86, 15, 'mauris blandit mattis. Cras eget nisi dictum augue', '2021-06-06 18:26:21'),
(287, 91, 42, 'nonummy ut, molestie in, tempus eu, ligula.', '2021-06-03 04:45:46'),
(288, 66, 33, 'Fusce mi lorem, vehicula', '2021-06-07 21:58:36'),
(289, 43, 72, 'faucibus id, libero. Donec consectetuer mauris id sapien. Cras', '2021-06-03 07:37:52'),
(290, 64, 27, 'dolor elit, pellentesque a, facilisis non, bibendum sed, est.', '2021-06-06 12:15:08'),
(291, 52, 63, 'metus urna convallis erat, eget tincidunt dui', '2021-06-05 19:58:02'),
(292, 51, 67, 'quis lectus. Nullam suscipit, est ac', '2021-06-06 10:23:57'),
(293, 73, 48, 'sollicitudin adipiscing ligula. Aenean gravida nunc', '2021-06-01 13:01:51'),
(294, 63, 97, 'sed turpis nec mauris blandit mattis. Cras eget', '2021-06-06 05:11:38'),
(295, 74, 92, 'lacus. Ut nec urna', '2021-06-05 15:19:04'),
(296, 96, 91, 'arcu. Vestibulum ante ipsum primis in faucibus', '2021-06-05 15:24:45'),
(297, 52, 32, 'ligula. Donec luctus aliquet odio. Etiam ligula tortor, dictum eu,', '2021-06-02 19:13:43'),
(298, 97, 99, 'euismod et, commodo at, libero. Morbi accumsan', '2021-06-05 10:47:12'),
(299, 79, 23, 'at pede. Cras vulputate velit eu sem. Pellentesque ut ipsum', '2021-06-05 20:03:29'),
(300, 88, 7, 'massa. Mauris vestibulum, neque sed dictum eleifend, nunc', '2021-06-03 23:56:38'),
(304, 1, 1, 'Yes it is', '2021-06-09 21:13:43'),
(305, 1, 1, 'Yes it is', '2021-06-09 21:13:43');

-- --------------------------------------------------------

--
-- Stand-in structure for view `answersperdate`
-- (See below for the actual view)
--
CREATE TABLE `answersperdate` (
`answers` bigint(21)
,`user_id` int(5)
,`date` date
);

-- --------------------------------------------------------

--
-- Stand-in structure for view `contributions`
-- (See below for the actual view)
--
CREATE TABLE `contributions` (
`date` date
,`user` int(11)
,`questions` bigint(21)
,`answers` bigint(21)
);

-- --------------------------------------------------------

--
-- Table structure for table `hasword`
--

CREATE TABLE `hasword` (
  `question_id` int(5) NOT NULL,
  `keyword_id` int(5) NOT NULL
) ENGINE=InnoDB DEFAULT CHARSET=utf8mb4;

--
-- Dumping data for table `hasword`
--

INSERT INTO `hasword` (`question_id`, `keyword_id`) VALUES
(1, 38),
(1, 146),
(1, 192),
(2, 35),
(2, 144),
(2, 174),
(3, 19),
(3, 33),
(3, 197),
(4, 22),
(4, 123),
(4, 144),
(5, 118),
(5, 161),
(5, 185),
(6, 8),
(6, 71),
(6, 147),
(7, 14),
(7, 18),
(7, 114),
(8, 64),
(8, 152),
(8, 158),
(9, 11),
(9, 27),
(9, 50),
(10, 17),
(10, 39),
(10, 44),
(11, 56),
(11, 77),
(11, 109),
(12, 11),
(12, 36),
(12, 192),
(13, 7),
(13, 134),
(13, 173),
(14, 26),
(14, 94),
(14, 164),
(15, 24),
(15, 63),
(15, 78),
(16, 15),
(16, 58),
(16, 128),
(17, 37),
(17, 57),
(17, 179),
(18, 83),
(18, 101),
(18, 120),
(19, 54),
(19, 63),
(19, 129),
(20, 16),
(20, 44),
(20, 146),
(21, 33),
(21, 62),
(21, 150),
(22, 45),
(22, 66),
(22, 74),
(23, 28),
(23, 127),
(23, 156),
(24, 17),
(24, 40),
(24, 114),
(25, 4),
(25, 146),
(25, 159),
(26, 53),
(26, 87),
(26, 148),
(27, 36),
(27, 125),
(27, 143),
(28, 2),
(28, 62),
(28, 186),
(29, 11),
(29, 54),
(29, 173),
(30, 54),
(30, 118),
(30, 163),
(31, 73),
(31, 95),
(31, 198),
(32, 25),
(32, 151),
(32, 180),
(33, 151),
(33, 181),
(33, 184),
(34, 26),
(34, 42),
(34, 197),
(35, 16),
(35, 107),
(35, 144),
(36, 5),
(36, 20),
(36, 162),
(37, 101),
(37, 118),
(37, 186),
(38, 80),
(38, 98),
(38, 142),
(39, 62),
(39, 100),
(39, 184),
(40, 6),
(40, 103),
(40, 167),
(41, 90),
(41, 181),
(41, 185),
(42, 17),
(42, 43),
(42, 147),
(43, 43),
(43, 126),
(43, 134),
(44, 85),
(44, 98),
(44, 162),
(45, 5),
(45, 140),
(45, 161),
(46, 45),
(46, 180),
(46, 193),
(47, 40),
(47, 68),
(47, 80),
(48, 75),
(48, 129),
(48, 172),
(49, 28),
(49, 101),
(49, 155),
(50, 17),
(50, 73),
(50, 197),
(51, 41),
(51, 67),
(51, 115),
(52, 88),
(52, 152),
(52, 191),
(53, 22),
(53, 55),
(53, 122),
(54, 164),
(54, 168),
(54, 190),
(55, 16),
(55, 35),
(55, 61),
(56, 44),
(56, 128),
(56, 135),
(57, 7),
(57, 22),
(57, 86),
(58, 82),
(58, 88),
(58, 147),
(59, 85),
(59, 116),
(59, 153),
(60, 64),
(60, 73),
(60, 188),
(61, 163),
(61, 184),
(62, 1),
(62, 13),
(63, 30),
(63, 128),
(64, 7),
(64, 50),
(65, 103),
(65, 191),
(66, 18),
(66, 45),
(67, 98),
(67, 144),
(68, 43),
(68, 191),
(69, 79),
(69, 183),
(70, 86),
(70, 122),
(71, 83),
(71, 134),
(72, 160),
(72, 179),
(73, 94),
(73, 132),
(74, 66),
(74, 126),
(75, 89),
(75, 180),
(76, 132),
(76, 179),
(77, 39),
(77, 166),
(78, 8),
(78, 156),
(79, 50),
(79, 141),
(80, 45),
(80, 131),
(81, 44),
(81, 181),
(82, 41),
(82, 43),
(83, 75),
(83, 192),
(84, 104),
(84, 134),
(85, 101),
(85, 110),
(86, 10),
(86, 35),
(87, 53),
(87, 160),
(88, 64),
(88, 136),
(89, 21),
(89, 138),
(90, 107),
(90, 116),
(91, 123),
(91, 182),
(92, 91),
(92, 115),
(93, 110),
(93, 128),
(94, 8),
(94, 176),
(95, 51),
(95, 114),
(96, 80),
(96, 175),
(97, 31),
(97, 110),
(98, 140),
(98, 169),
(99, 75),
(99, 137),
(100, 128),
(100, 193),
(119, 232),
(119, 233);

-- --------------------------------------------------------

--
-- Table structure for table `keyword`
--

CREATE TABLE `keyword` (
  `keyword_id` int(5) NOT NULL,
  `word` varchar(15) NOT NULL
) ENGINE=InnoDB DEFAULT CHARSET=utf8mb4;

--
-- Dumping data for table `keyword`
--

INSERT INTO `keyword` (`keyword_id`, `word`) VALUES
(1, 'magna.'),
(2, 'sagittis'),
(3, 'rhoncus.'),
(4, 'Cras'),
(5, 'Pellentesque'),
(6, 'a'),
(7, 'mauris'),
(8, 'magnis'),
(9, 'consectetuer'),
(10, 'nisi'),
(11, 'word11'),
(12, 'tincidunt'),
(13, 'orci.'),
(14, 'placerat.'),
(15, 'word15'),
(16, 'enim'),
(17, 'erat'),
(18, 'nulla.'),
(19, 'primis'),
(20, 'dui,'),
(21, 'cursus,'),
(22, 'adipiscing'),
(23, 'sit'),
(24, 'vel,'),
(25, 'hendrerit'),
(26, 'Vivamus'),
(27, 'at'),
(28, 'dictum'),
(29, 'eu'),
(30, 'word30'),
(31, 'fringilla'),
(32, 'diam'),
(33, 'gravida'),
(34, 'word34'),
(35, 'mi,'),
(36, 'eget,'),
(37, 'molestie'),
(38, 'word38'),
(39, 'eget'),
(40, 'ornare'),
(41, 'word41'),
(42, 'nascetur'),
(43, 'metus'),
(44, 'Etiam'),
(45, 'pharetra'),
(46, 'egestas'),
(47, 'Cum'),
(48, 'lacinia'),
(49, 'lacus.'),
(50, 'word50'),
(51, 'consequat'),
(52, 'tempor,'),
(53, 'word53'),
(54, 'Sed'),
(55, 'nulla'),
(56, 'word56'),
(57, 'a,'),
(58, 'tincidunt,'),
(59, 'mus.'),
(60, 'morbi'),
(61, 'tellus'),
(62, 'word62'),
(63, 'orci'),
(64, 'dolor,'),
(65, 'fermentum'),
(66, 'Ut'),
(67, 'urna.'),
(68, 'eros.'),
(69, 'turpis.'),
(70, 'massa'),
(71, 'In'),
(72, 'word72'),
(73, 'erat.'),
(74, 'non'),
(75, 'facilisi.'),
(76, 'word76'),
(77, 'mauris.'),
(78, 'sagittis.'),
(79, 'mattis.'),
(80, 'neque'),
(81, 'nunc'),
(82, 'euismod'),
(83, 'quam.'),
(84, 'habitant'),
(85, 'dapibus'),
(86, 'in,'),
(87, 'dui.'),
(88, 'word88'),
(89, 'amet,'),
(90, 'word90'),
(91, 'Fusce'),
(92, 'enim.'),
(93, 'nec,'),
(94, 'word94'),
(95, 'word95'),
(96, 'word96'),
(97, 'arcu'),
(98, 'word98'),
(99, 'word99'),
(100, 'dolor.'),
(101, 'ante'),
(102, 'nibh.'),
(103, 'word103'),
(104, 'natoque'),
(105, 'Proin'),
(106, 'word106'),
(107, 'ante.'),
(108, 'word108'),
(109, 'word109'),
(110, 'vel'),
(111, 'pede.'),
(112, 'massa.'),
(113, 'scelerisque'),
(114, 'id,'),
(115, 'nunc.'),
(116, 'semper'),
(117, 'word117'),
(118, 'tristique'),
(119, 'lectus.'),
(120, 'malesuada'),
(121, 'word121'),
(122, 'word122'),
(123, 'interdum'),
(124, 'word124'),
(125, 'word125'),
(126, 'word126'),
(127, 'risus.'),
(128, 'word128'),
(129, 'augue'),
(130, 'parturient'),
(131, 'ac'),
(132, 'varius'),
(133, 'word133'),
(134, 'ad'),
(135, 'metus.'),
(136, 'nisi.'),
(137, 'luctus'),
(138, 'ultricies'),
(139, 'nisl'),
(140, 'word140'),
(141, 'word141'),
(142, 'cursus.'),
(143, 'erat,'),
(144, 'libero'),
(145, 'word145'),
(146, 'justo'),
(147, 'sapien'),
(148, 'word148'),
(149, 'word149'),
(150, 'lorem'),
(151, 'placerat,'),
(152, 'word152'),
(153, 'tempor'),
(154, 'word154'),
(155, 'word155'),
(156, 'word156'),
(157, 'fames'),
(158, 'auctor,'),
(159, 'word159'),
(160, 'word160'),
(161, 'posuere'),
(162, 'word162'),
(163, 'diam.'),
(164, 'word164'),
(165, 'word165'),
(166, 'word166'),
(167, 'word167'),
(168, 'lobortis'),
(169, 'word169'),
(170, 'eleifend'),
(171, 'sapien,'),
(172, 'word172'),
(173, 'Donec'),
(174, 'word174'),
(175, 'word175'),
(176, 'est,'),
(177, 'ipsum'),
(178, 'word178'),
(179, 'pharetra.'),
(180, 'word180'),
(181, 'word181'),
(182, 'word182'),
(183, 'word183'),
(184, 'word184'),
(185, 'word185'),
(186, 'adipiscing.'),
(187, 'auctor'),
(188, 'congue'),
(189, 'word189'),
(190, 'word190'),
(191, 'sollicitudin'),
(192, 'word192'),
(193, 'Nam'),
(194, 'word194'),
(195, 'word195'),
(196, 'neque.'),
(197, 'word197'),
(198, 'word198'),
(199, 'word199'),
(200, 'word200'),
(232, 'hiya'),
(233, 'hello');

-- --------------------------------------------------------

--
-- Table structure for table `question`
--

CREATE TABLE `question` (
  `question_id` int(5) NOT NULL,
  `user_id` int(5) NOT NULL,
  `title` varchar(30) NOT NULL,
  `body` varchar(140) NOT NULL,
  `timestamp` datetime NOT NULL DEFAULT current_timestamp()
) ENGINE=InnoDB DEFAULT CHARSET=utf8mb4;

--
-- Dumping data for table `question`
--

INSERT INTO `question` (`question_id`, `user_id`, `title`, `body`, `timestamp`) VALUES
(1, 23, 'Question1', 'Lorem ipsum dolor sit amet, consectetuer adipiscing', '2021-06-01 12:11:53'),
(2, 5, 'Question2', 'Lorem ipsum dolor sit amet, consectetuer adipiscing elit. Curabitur', '2021-06-01 04:39:20'),
(3, 29, 'Question3', 'Lorem ipsum dolor sit amet,', '2021-06-03 06:48:31'),
(4, 25, 'Question4', 'Lorem ipsum dolor sit amet, consectetuer adipiscing elit.', '2021-06-04 01:03:22'),
(5, 29, 'Question5', 'Lorem ipsum dolor sit amet, consectetuer adipiscing', '2021-06-04 01:24:54'),
(6, 29, 'Question6', 'Lorem ipsum dolor sit amet, consectetuer adipiscing elit. Curabitur sed tortor. Integer aliquam adipiscing', '2021-06-06 00:21:52'),
(7, 11, 'Question7', 'Lorem ipsum dolor sit amet, consectetuer adipiscing', '2021-06-01 09:08:35'),
(8, 21, 'Question8', 'Lorem ipsum dolor sit amet, consectetuer adipiscing elit. Curabitur sed tortor. Integer', '2021-06-04 08:29:55'),
(9, 30, 'Question9', 'Lorem ipsum dolor sit amet, consectetuer adipiscing elit. Curabitur sed', '2021-06-01 11:49:13'),
(10, 8, 'Question10', 'Lorem ipsum dolor sit amet,', '2021-06-06 06:30:16'),
(11, 14, 'Question11', 'Lorem ipsum dolor sit amet, consectetuer adipiscing elit. Curabitur sed tortor.', '2021-06-04 22:27:58'),
(12, 30, 'Question12', 'Lorem ipsum dolor sit', '2021-06-02 20:49:49'),
(13, 18, 'Question13', 'Lorem ipsum dolor sit', '2021-06-06 21:12:02'),
(14, 7, 'Question14', 'Lorem', '2021-06-03 06:37:10'),
(15, 25, 'Question15', 'Lorem ipsum dolor sit amet, consectetuer adipiscing elit. Curabitur sed tortor. Integer aliquam adipiscing', '2021-06-01 14:55:21'),
(16, 15, 'Question16', 'Lorem ipsum dolor sit amet, consectetuer adipiscing elit. Curabitur', '2021-06-01 14:15:01'),
(17, 10, 'Question17', 'Lorem ipsum', '2021-06-05 16:02:30'),
(18, 6, 'Question18', 'Lorem ipsum', '2021-06-07 17:52:36'),
(19, 26, 'Question19', 'Lorem ipsum', '2021-06-02 16:30:50'),
(20, 26, 'Question20', 'Lorem ipsum dolor', '2021-06-01 16:07:39'),
(21, 18, 'Question21', 'Lorem ipsum dolor sit amet, consectetuer adipiscing elit. Curabitur', '2021-06-07 23:37:19'),
(22, 10, 'Question22', 'Lorem ipsum', '2021-06-04 19:35:52'),
(23, 9, 'Question23', 'Lorem ipsum dolor sit amet, consectetuer adipiscing elit. Curabitur sed tortor.', '2021-06-06 00:26:17'),
(24, 6, 'Question24', 'Lorem ipsum dolor sit amet, consectetuer', '2021-06-07 14:27:35'),
(25, 20, 'Question25', 'Lorem ipsum', '2021-06-02 19:18:22'),
(26, 27, 'Question26', 'Lorem', '2021-06-01 13:06:54'),
(27, 23, 'Question27', 'Lorem ipsum dolor sit amet, consectetuer', '2021-06-02 07:33:27'),
(28, 24, 'Question28', 'Lorem ipsum dolor sit amet, consectetuer adipiscing elit. Curabitur sed tortor.', '2021-06-03 04:33:44'),
(29, 11, 'Question29', 'Lorem', '2021-06-02 04:12:23'),
(30, 25, 'Question30', 'Lorem ipsum dolor sit amet, consectetuer', '2021-06-05 05:27:18'),
(31, 19, 'Question31', 'Lorem ipsum dolor', '2021-06-01 09:51:08'),
(32, 20, 'Question32', 'Lorem ipsum dolor sit amet,', '2021-06-07 19:28:04'),
(33, 27, 'Question33', 'Lorem ipsum dolor sit', '2021-06-04 05:45:09'),
(34, 16, 'Question34', 'Lorem ipsum', '2021-06-02 21:01:59'),
(35, 26, 'Question35', 'Lorem ipsum dolor sit amet, consectetuer adipiscing elit.', '2021-06-05 06:50:11'),
(36, 30, 'Question36', 'Lorem ipsum dolor sit amet, consectetuer adipiscing elit. Curabitur sed tortor. Integer aliquam adipiscing', '2021-06-04 13:50:13'),
(37, 9, 'Question37', 'Lorem ipsum dolor sit amet, consectetuer', '2021-06-05 23:41:21'),
(38, 16, 'Question38', 'Lorem ipsum dolor sit amet, consectetuer adipiscing elit. Curabitur', '2021-06-03 11:31:00'),
(39, 13, 'Question39', 'Lorem ipsum dolor sit amet,', '2021-06-04 20:07:39'),
(40, 21, 'Question40', 'Lorem ipsum dolor sit amet, consectetuer adipiscing elit. Curabitur sed tortor. Integer aliquam', '2021-06-06 00:22:42'),
(41, 4, 'Question41', 'Lorem ipsum dolor sit amet, consectetuer adipiscing elit. Curabitur sed tortor. Integer aliquam adipiscing', '2021-06-06 08:57:30'),
(42, 1, 'Question42', 'Lorem ipsum dolor sit amet, consectetuer adipiscing elit. Curabitur sed tortor. Integer aliquam adipiscing lacus.', '2021-06-02 20:46:11'),
(43, 10, 'Question43', 'Lorem ipsum dolor sit amet, consectetuer adipiscing elit.', '2021-06-02 23:23:52'),
(44, 25, 'Question44', 'Lorem ipsum', '2021-06-04 17:35:11'),
(45, 7, 'Question45', 'Lorem ipsum dolor sit amet,', '2021-06-02 02:20:43'),
(46, 20, 'Question46', 'Lorem ipsum dolor sit amet, consectetuer adipiscing elit. Curabitur sed tortor.', '2021-06-02 20:16:24'),
(47, 26, 'Question47', 'Lorem ipsum dolor sit amet, consectetuer adipiscing elit. Curabitur sed tortor. Integer aliquam', '2021-06-06 00:37:58'),
(48, 6, 'Question48', 'Lorem ipsum dolor sit amet, consectetuer adipiscing elit. Curabitur sed', '2021-06-05 19:14:27'),
(49, 17, 'Question49', 'Lorem ipsum dolor sit amet, consectetuer adipiscing elit. Curabitur sed tortor. Integer', '2021-06-07 01:40:58'),
(50, 9, 'Question50', 'Lorem', '2021-06-03 07:24:16'),
(51, 2, 'Question51', 'Lorem ipsum dolor sit amet, consectetuer adipiscing elit. Curabitur', '2021-06-06 23:19:32'),
(52, 1, 'Question52', 'Lorem ipsum dolor sit amet, consectetuer adipiscing elit. Curabitur', '2021-06-02 11:11:14'),
(53, 20, 'Question53', 'Lorem ipsum dolor sit amet,', '2021-06-03 03:11:45'),
(54, 22, 'Question54', 'Lorem ipsum dolor sit', '2021-06-01 02:28:04'),
(55, 29, 'Question55', 'Lorem', '2021-06-02 00:45:49'),
(56, 5, 'Question56', 'Lorem ipsum dolor sit amet, consectetuer adipiscing', '2021-06-03 06:20:14'),
(57, 15, 'Question57', 'Lorem ipsum dolor sit amet,', '2021-06-06 19:51:15'),
(58, 27, 'Question58', 'Lorem ipsum dolor sit amet, consectetuer adipiscing elit. Curabitur sed', '2021-06-06 02:28:07'),
(59, 24, 'Question59', 'Lorem ipsum dolor sit amet, consectetuer adipiscing', '2021-06-05 10:30:28'),
(60, 24, 'Question60', 'Lorem ipsum dolor sit amet,', '2021-06-03 16:38:25'),
(61, 3, 'Question61', 'Lorem', '2021-06-05 11:09:13'),
(62, 25, 'Question62', 'Lorem ipsum dolor sit amet,', '2021-06-03 13:46:53'),
(63, 25, 'Question63', 'Lorem ipsum dolor sit amet, consectetuer adipiscing elit.', '2021-06-02 17:55:38'),
(64, 15, 'Question64', 'Lorem ipsum dolor sit', '2021-06-01 20:14:37'),
(65, 21, 'Question65', 'Lorem ipsum dolor sit amet, consectetuer adipiscing elit. Curabitur sed tortor. Integer', '2021-06-05 13:20:05'),
(66, 10, 'Question66', 'Lorem ipsum dolor', '2021-06-03 11:22:53'),
(67, 17, 'Question67', 'Lorem ipsum dolor sit amet, consectetuer adipiscing', '2021-06-01 11:07:52'),
(68, 21, 'Question68', 'Lorem ipsum', '2021-06-07 16:56:27'),
(69, 27, 'Question69', 'Lorem ipsum dolor sit amet, consectetuer adipiscing elit. Curabitur sed tortor. Integer', '2021-06-01 03:34:37'),
(70, 27, 'Question70', 'Lorem ipsum dolor sit amet, consectetuer adipiscing elit. Curabitur sed tortor. Integer aliquam adipiscing lacus.', '2021-06-06 09:01:47'),
(71, 18, 'Question71', 'Lorem ipsum dolor sit amet, consectetuer adipiscing elit.', '2021-06-07 18:17:21'),
(72, 12, 'Question72', 'Lorem ipsum dolor sit amet, consectetuer adipiscing elit. Curabitur sed tortor.', '2021-06-05 05:40:44'),
(73, 23, 'Question73', 'Lorem ipsum dolor sit amet, consectetuer adipiscing elit.', '2021-06-05 02:16:46'),
(74, 22, 'Question74', 'Lorem ipsum dolor sit amet, consectetuer adipiscing elit. Curabitur sed tortor. Integer aliquam adipiscing', '2021-06-02 05:51:39'),
(75, 4, 'Question75', 'Lorem ipsum dolor', '2021-06-02 21:56:39'),
(76, 5, 'Question76', 'Lorem ipsum dolor sit amet, consectetuer adipiscing elit.', '2021-06-04 21:26:15'),
(77, 15, 'Question77', 'Lorem ipsum dolor sit amet, consectetuer adipiscing elit. Curabitur sed', '2021-06-04 04:46:04'),
(78, 3, 'Question78', 'Lorem ipsum dolor sit amet, consectetuer', '2021-06-01 19:31:52'),
(79, 14, 'Question79', 'Lorem', '2021-06-01 04:09:14'),
(80, 12, 'Question80', 'Lorem ipsum dolor sit amet, consectetuer adipiscing elit. Curabitur sed tortor. Integer aliquam adipiscing', '2021-06-03 07:50:50'),
(81, 24, 'Question81', 'Lorem ipsum dolor sit amet, consectetuer adipiscing elit. Curabitur sed tortor. Integer aliquam adipiscing', '2021-06-07 22:15:00'),
(82, 8, 'Question82', 'Lorem ipsum dolor', '2021-06-06 10:42:59'),
(83, 4, 'Question83', 'Lorem ipsum', '2021-06-04 14:22:02'),
(84, 13, 'Question84', 'Lorem ipsum dolor sit amet, consectetuer adipiscing elit. Curabitur sed tortor. Integer', '2021-06-05 15:48:28'),
(85, 10, 'Question85', 'Lorem ipsum dolor sit amet, consectetuer adipiscing elit. Curabitur sed tortor. Integer', '2021-06-03 01:22:04'),
(86, 27, 'Question86', 'Lorem ipsum dolor sit', '2021-06-03 14:22:06'),
(87, 27, 'Question87', 'Lorem ipsum dolor sit amet, consectetuer adipiscing elit. Curabitur sed tortor.', '2021-06-01 15:26:53'),
(88, 29, 'Question88', 'Lorem ipsum dolor sit amet, consectetuer adipiscing elit. Curabitur', '2021-06-03 11:15:20'),
(89, 20, 'Question89', 'Lorem ipsum dolor sit amet,', '2021-06-01 21:27:54'),
(90, 13, 'Question90', 'Lorem ipsum dolor sit amet, consectetuer', '2021-06-04 21:04:58'),
(91, 23, 'Question91', 'Lorem ipsum dolor', '2021-06-04 19:33:15'),
(92, 24, 'Question92', 'Lorem ipsum dolor sit amet, consectetuer adipiscing elit. Curabitur sed tortor. Integer', '2021-06-03 05:26:08'),
(93, 5, 'Question93', 'Lorem ipsum dolor sit amet, consectetuer adipiscing elit. Curabitur sed tortor. Integer aliquam adipiscing', '2021-06-03 01:51:53'),
(94, 24, 'Question94', 'Lorem ipsum dolor sit amet,', '2021-06-05 20:14:06'),
(95, 25, 'Question95', 'Lorem ipsum dolor sit amet,', '2021-06-03 19:29:24'),
(96, 9, 'Question96', 'Lorem ipsum dolor sit amet, consectetuer adipiscing', '2021-06-03 10:32:47'),
(97, 11, 'Question97', 'Lorem ipsum dolor sit amet, consectetuer', '2021-06-02 11:03:51'),
(98, 26, 'Question98', 'Lorem ipsum dolor sit amet, consectetuer adipiscing elit. Curabitur', '2021-06-04 22:33:29'),
(99, 21, 'Question99', 'Lorem ipsum dolor sit amet, consectetuer', '2021-06-07 14:11:02'),
(100, 13, 'Question100', 'Lorem ipsum dolor sit amet, consectetuer adipiscing elit. Curabitur sed tortor. Integer aliquam', '2021-06-07 22:40:29'),
(119, 1, 'title', 'What is this?', '2021-06-09 21:13:43');

-- --------------------------------------------------------

--
-- Stand-in structure for view `questionsperdate`
-- (See below for the actual view)
--
CREATE TABLE `questionsperdate` (
`questions` bigint(21)
,`user_id` int(5)
,`date` date
);

-- --------------------------------------------------------

--
-- Table structure for table `user`
--

CREATE TABLE `user` (
  `user_id` int(5) NOT NULL,
  `username` varchar(15) NOT NULL
) ENGINE=InnoDB DEFAULT CHARSET=utf8mb4;

--
-- Dumping data for table `user`
--

INSERT INTO `user` (`user_id`, `username`) VALUES
(1, 'WXI72JCH6GV'),
(2, 'CGC13VHA9YI'),
(3, 'SRX02WOA9JN'),
(4, 'HSV66HKQ8JB'),
(5, 'QIS31WMF8NJ'),
(6, 'BKN82SCM8FJ'),
(7, 'YDU30CUP0AN'),
(8, 'PAN09WSS5KR'),
(9, 'MSY15KPQ4KJ'),
(10, 'TEX80TON9XP'),
(11, 'HSJ30KBI4OY'),
(12, 'SVD58MCM6KX'),
(13, 'BHP27DXW2DP'),
(14, 'ILB52MCG3XX'),
(15, 'PCX09BSQ6YX'),
(16, 'CHU36QUX0YW'),
(17, 'KWT54RXH4YH'),
(18, 'ELC85VHQ7RJ'),
(19, 'XAI12BWB7FE'),
(20, 'OGF06OGU3BF'),
(21, 'ZHM23ZZY7LP'),
(22, 'IFN61QFG9UU'),
(23, 'IXK50HSB3NO'),
(24, 'SVJ92MMS6UW'),
(25, 'JZX07MXX5BN'),
(26, 'MCE61JIT8CN'),
(27, 'MZD09PAS4ZW'),
(28, 'WGV15LZU5OO'),
(29, 'KQX09UJB8YE'),
(30, 'IBY07JTR6PF'),
(31, 'XBB90GPU6IW'),
(32, 'YGZ72IYN8LB'),
(33, 'IKO00ZRG1RC'),
(34, 'YWK06UQQ5DI'),
(35, 'AMQ94YGL2SL'),
(36, 'BRN16FKD6SP'),
(37, 'JEF42PHT7GE'),
(38, 'GQB11PPL2ZD'),
(39, 'HVQ85OHA5GR'),
(40, 'ZJZ56UAP3GD'),
(41, 'FKE50IWM5NC'),
(42, 'XIW20VVT2VQ'),
(43, 'WOC67KSO3EE'),
(44, 'JFJ55TMN7SI'),
(45, 'AKT42VCQ5FQ'),
(46, 'NVV12EBM5FP'),
(47, 'AUV39HAB4DO'),
(48, 'QSM46NIC7XC'),
(49, 'RUF50NVD3PT'),
(50, 'XRG66XRT3FR'),
(51, 'VDK60OOR5JX'),
(52, 'VNN40XKU1NV'),
(53, 'HZU39RCU9OL'),
(54, 'KVL86SYJ3UV'),
(55, 'SBV97GIP4WX'),
(56, 'BWF16XLK6AY'),
(57, 'CAL77AEU2QZ'),
(58, 'ODT57MXS1OD'),
(59, 'VSP54THJ8NM'),
(60, 'JQZ54AOR5VO'),
(61, 'PWK00WUL0KH'),
(62, 'HFZ09TZG7EM'),
(63, 'HPA98AEX8LW'),
(64, 'LAT88WCI9QY'),
(65, 'FYF00XSE2XJ'),
(66, 'RAR88SKA7XM'),
(67, 'RFP37YPM3ID'),
(68, 'FQJ40JEX5ZK'),
(69, 'CDZ66WZY4NZ'),
(70, 'PCR21NVX5IM'),
(71, 'VFM02NGC4NA'),
(72, 'NJC46NCY1HJ'),
(73, 'OYJ37ZKB0OT'),
(74, 'KSV54PFP0ZJ'),
(75, 'ZUQ84IBG2ES'),
(76, 'JMI28UDQ5UT'),
(77, 'WMS20IDP6YX'),
(78, 'VXR07WZX4DG'),
(79, 'XRV89CLQ6LQ'),
(80, 'RHI76LCY6TT'),
(81, 'SDV36TCV2ZH'),
(82, 'KZX52LMZ0NL'),
(83, 'DEO26ZOJ1YK'),
(84, 'ART66RSB7ZC'),
(85, 'SEC66BGV0VH'),
(86, 'XLO23BIX2HC'),
(87, 'JDZ33TVD7MV'),
(88, 'ZPD93SOW3IM'),
(89, 'LVJ24BMQ9LS'),
(90, 'QFO89TFP0QV'),
(91, 'YJE44FQQ3FU'),
(92, 'XVZ35THV2MV'),
(93, 'GZG70YUI6UC'),
(94, 'ELH52DTR6HH'),
(95, 'CVL05LMQ2BQ'),
(96, 'UEL83CCF2CH'),
(97, 'NKJ63KLG2GP'),
(98, 'JRU18MZL6CY'),
(99, 'RMR22QUJ4DI'),
(100, 'ZJP51SVZ0LH');

-- --------------------------------------------------------

--
-- Structure for view `answersperdate`
--
DROP TABLE IF EXISTS `answersperdate`;

CREATE ALGORITHM=UNDEFINED DEFINER=`root`@`localhost` SQL SECURITY DEFINER VIEW `answersperdate`  AS  select count(distinct `a`.`answer_id`) AS `answers`,`a`.`user_id` AS `user_id`,cast(`a`.`timestamp` as date) AS `date` from (`answer` `a` join `user` `u`) group by `a`.`user_id`,cast(`a`.`timestamp` as date) ;

-- --------------------------------------------------------

--
-- Structure for view `contributions`
--
DROP TABLE IF EXISTS `contributions`;

CREATE ALGORITHM=UNDEFINED DEFINER=`root`@`localhost` SQL SECURITY DEFINER VIEW `contributions`  AS  select ifnull(`t1`.`date`,`t2`.`date`) AS `date`,ifnull(`t1`.`user_id`,`t2`.`user_id`) AS `user`,ifnull(`t1`.`questions`,0) AS `questions`,ifnull(`t2`.`answers`,0) AS `answers` from (`questionsperdate` `t1` left join `answersperdate` `t2` on(`t1`.`user_id` = `t2`.`user_id` and `t1`.`date` = `t2`.`date`)) union select ifnull(`t1`.`date`,`t2`.`date`) AS `date`,ifnull(`t1`.`user_id`,`t2`.`user_id`) AS `user`,ifnull(`t1`.`questions`,0) AS `questions`,ifnull(`t2`.`answers`,0) AS `answers` from (`answersperdate` `t2` left join `questionsperdate` `t1` on(`t1`.`user_id` = `t2`.`user_id` and `t1`.`date` = `t2`.`date`)) ;

-- --------------------------------------------------------

--
-- Structure for view `questionsperdate`
--
DROP TABLE IF EXISTS `questionsperdate`;

CREATE ALGORITHM=UNDEFINED DEFINER=`root`@`localhost` SQL SECURITY DEFINER VIEW `questionsperdate`  AS  select count(distinct `q`.`question_id`) AS `questions`,`q`.`user_id` AS `user_id`,cast(`q`.`timestamp` as date) AS `date` from (`question` `q` join `user` `u`) group by `q`.`user_id`,cast(`q`.`timestamp` as date) ;

--
-- Indexes for dumped tables
--

--
-- Indexes for table `answer`
--
ALTER TABLE `answer`
  ADD PRIMARY KEY (`answer_id`),
  ADD KEY `user_id` (`user_id`),
  ADD KEY `answersto` (`question_id`);

--
-- Indexes for table `hasword`
--
ALTER TABLE `hasword`
  ADD PRIMARY KEY (`question_id`,`keyword_id`),
  ADD KEY `haskeyword` (`keyword_id`);

--
-- Indexes for table `keyword`
--
ALTER TABLE `keyword`
  ADD PRIMARY KEY (`keyword_id`);

--
-- Indexes for table `question`
--
ALTER TABLE `question`
  ADD PRIMARY KEY (`question_id`),
  ADD KEY `user_id` (`user_id`);

--
-- Indexes for table `user`
--
ALTER TABLE `user`
  ADD PRIMARY KEY (`user_id`);

--
-- AUTO_INCREMENT for dumped tables
--

--
-- AUTO_INCREMENT for table `keyword`
--
ALTER TABLE `keyword`
  MODIFY `keyword_id` int(5) NOT NULL AUTO_INCREMENT, AUTO_INCREMENT=234;

--
-- Constraints for dumped tables
--

--
-- Constraints for table `hasword`
--
ALTER TABLE `hasword`
  ADD CONSTRAINT `haskeyword` FOREIGN KEY (`keyword_id`) REFERENCES `keyword` (`keyword_id`);
COMMIT;

/*!40101 SET CHARACTER_SET_CLIENT=@OLD_CHARACTER_SET_CLIENT */;
/*!40101 SET CHARACTER_SET_RESULTS=@OLD_CHARACTER_SET_RESULTS */;
/*!40101 SET COLLATION_CONNECTION=@OLD_COLLATION_CONNECTION */;
